EntitySuccessMessage,read$,256
EntitySuccessMessage,DeadBorrowToken$,4
EntitySuccessMessage,array$m_core$$fmt$opensqu$0$closesqu$$$ArgumentV1$opensqu$0$closesqu$$_beg_$_end_$1,2
EntitySuccessMessage,array$m_core$$fmt$opensqu$0$closesqu$$$rt$opensqu$0$closesqu$$$v1$opensqu$0$closesqu$$$Argument$opensqu$0$closesqu$$_beg_$_end_$1,1
EntitySuccessMessage,array$ref$str$2,1
EntitySuccessMessage,char,47
EntitySuccessMessage,i32,5
EntitySuccessMessage,isize,7
EntitySuccessMessage,m_alloc$$alloc$opensqu$0$closesqu$$$Global$opensqu$0$closesqu$$_beg_$_end_,2
EntitySuccessMessage,m_alloc$$arc$opensqu$0$closesqu$$$Arc$opensqu$0$closesqu$$_beg_$m_std$$sync$opensqu$0$closesqu$$$mutex$opensqu$0$closesqu$$$Mutex$opensqu$0$closesqu$$_beg_$m_std$$io$opensqu$0$closesqu$$$buffered$opensqu$0$closesqu$$$BufReader$opensqu$0$closesqu$$_beg_$m_std$$io$opensqu$0$closesqu$$$stdio$opensqu$0$closesqu$$$Maybe$opensqu$0$closesqu$$_beg_$m_std$$io$opensqu$0$closesqu$$$stdio$opensqu$0$closesqu$$$StdinRaw$opensqu$0$closesqu$$_beg_$_end_$_end_$_end_$_end_$_end_,46
EntitySuccessMessage,m_alloc$$arc$opensqu$0$closesqu$$$ArcInner$opensqu$0$closesqu$$_beg_$m_std$$sync$opensqu$0$closesqu$$$mutex$opensqu$0$closesqu$$$Mutex$opensqu$0$closesqu$$_beg_$m_std$$io$opensqu$0$closesqu$$$buffered$opensqu$0$closesqu$$$BufReader$opensqu$0$closesqu$$_beg_$m_std$$io$opensqu$0$closesqu$$$stdio$opensqu$0$closesqu$$$Maybe$opensqu$0$closesqu$$_beg_$m_std$$io$opensqu$0$closesqu$$$stdio$opensqu$0$closesqu$$$StdinRaw$opensqu$0$closesqu$$_beg_$_end_$_end_$_end_$_end_$_end_,33
EntitySuccessMessage,m_alloc$$boxed$opensqu$0$closesqu$$$Box$opensqu$0$closesqu$$_beg_$m_std$$io$opensqu$0$closesqu$$$error$opensqu$0$closesqu$$$Custom$opensqu$0$closesqu$$_beg_$_end_$_end_,7
EntitySuccessMessage,m_alloc$$boxed$opensqu$0$closesqu$$$Box$opensqu$0$closesqu$$_beg_$m_std$$sys_common$opensqu$0$closesqu$$$mutex$opensqu$0$closesqu$$$Mutex$opensqu$0$closesqu$$_beg_$_end_$_end_,12
EntitySuccessMessage,m_alloc$$raw_vec$opensqu$0$closesqu$$$RawVec$opensqu$0$closesqu$$_beg_$u8$_sep_$m_alloc$$alloc$opensqu$0$closesqu$$$Global$opensqu$0$closesqu$$_beg_$_end_$_end_,34
EntitySuccessMessage,m_alloc$$string$opensqu$0$closesqu$$$String$opensqu$0$closesqu$$_beg_$_end_,14
EntitySuccessMessage,m_alloc$$vec$opensqu$0$closesqu$$$Vec$opensqu$0$closesqu$$_beg_$u8$_end_,18
EntitySuccessMessage,m_core$$cell$opensqu$0$closesqu$$$UnsafeCell$opensqu$0$closesqu$$_beg_$m_libc$$unix$opensqu$0$closesqu$$$notbsd$opensqu$0$closesqu$$$linux$opensqu$0$closesqu$$$pthread_mutex_t$opensqu$0$closesqu$$_beg_$_end_$_end_,8
EntitySuccessMessage,m_core$$cell$opensqu$0$closesqu$$$UnsafeCell$opensqu$0$closesqu$$_beg_$m_std$$io$opensqu$0$closesqu$$$buffered$opensqu$0$closesqu$$$BufReader$opensqu$0$closesqu$$_beg_$m_std$$io$opensqu$0$closesqu$$$stdio$opensqu$0$closesqu$$$Maybe$opensqu$0$closesqu$$_beg_$m_std$$io$opensqu$0$closesqu$$$stdio$opensqu$0$closesqu$$$StdinRaw$opensqu$0$closesqu$$_beg_$_end_$_end_$_end_$_end_,9
EntitySuccessMessage,m_core$$cell$opensqu$0$closesqu$$$UnsafeCell$opensqu$0$closesqu$$_beg_$u8$_end_,8
EntitySuccessMessage,m_core$$cell$opensqu$0$closesqu$$$UnsafeCell$opensqu$0$closesqu$$_beg_$usize$_end_,7
EntitySuccessMessage,m_core$$fmt$opensqu$0$closesqu$$$ArgumentV1$opensqu$0$closesqu$$_beg_$_end_,1
EntitySuccessMessage,m_core$$fmt$opensqu$0$closesqu$$$Arguments$opensqu$0$closesqu$$_beg_$_end_,26
EntitySuccessMessage,m_core$$fmt$opensqu$0$closesqu$$$rt$opensqu$0$closesqu$$$v1$opensqu$0$closesqu$$$Alignment$opensqu$0$closesqu$$_beg_$_end_,16
EntitySuccessMessage,m_core$$fmt$opensqu$0$closesqu$$$rt$opensqu$0$closesqu$$$v1$opensqu$0$closesqu$$$Argument$opensqu$0$closesqu$$_beg_$_end_,11
EntitySuccessMessage,m_core$$fmt$opensqu$0$closesqu$$$rt$opensqu$0$closesqu$$$v1$opensqu$0$closesqu$$$Count$opensqu$0$closesqu$$_beg_$_end_,117
EntitySuccessMessage,m_core$$fmt$opensqu$0$closesqu$$$rt$opensqu$0$closesqu$$$v1$opensqu$0$closesqu$$$Count$opensqu$0$closesqu$$_beg_$_end_Is,10
EntitySuccessMessage,m_core$$fmt$opensqu$0$closesqu$$$rt$opensqu$0$closesqu$$$v1$opensqu$0$closesqu$$$Count$opensqu$0$closesqu$$_beg_$_end_Param,9
EntitySuccessMessage,m_core$$fmt$opensqu$0$closesqu$$$rt$opensqu$0$closesqu$$$v1$opensqu$0$closesqu$$$FormatSpec$opensqu$0$closesqu$$_beg_$_end_,40
EntitySuccessMessage,m_core$$fmt$opensqu$0$closesqu$$$rt$opensqu$0$closesqu$$$v1$opensqu$0$closesqu$$$Position$opensqu$0$closesqu$$_beg_$_end_,37
EntitySuccessMessage,m_core$$fmt$opensqu$0$closesqu$$$rt$opensqu$0$closesqu$$$v1$opensqu$0$closesqu$$$Position$opensqu$0$closesqu$$_beg_$_end_At,11
EntitySuccessMessage,m_core$$marker$opensqu$0$closesqu$$$PhantomData$opensqu$0$closesqu$$_beg_$m_std$$sync$opensqu$0$closesqu$$$mutex$opensqu$0$closesqu$$$Mutex$opensqu$0$closesqu$$_beg_$m_std$$io$opensqu$0$closesqu$$$buffered$opensqu$0$closesqu$$$BufReader$opensqu$0$closesqu$$_beg_$m_std$$io$opensqu$0$closesqu$$$stdio$opensqu$0$closesqu$$$Maybe$opensqu$0$closesqu$$_beg_$m_std$$io$opensqu$0$closesqu$$$stdio$opensqu$0$closesqu$$$StdinRaw$opensqu$0$closesqu$$_beg_$_end_$_end_$_end_$_end_$_end_,2
EntitySuccessMessage,m_core$$num$opensqu$0$closesqu$$$IntErrorKind$opensqu$0$closesqu$$_beg_$_end_,13
EntitySuccessMessage,m_core$$num$opensqu$0$closesqu$$$ParseIntError$opensqu$0$closesqu$$_beg_$_end_,7
EntitySuccessMessage,m_core$$option$opensqu$0$closesqu$$$Option$opensqu$0$closesqu$$_beg_$ref$slice$m_core$$fmt$opensqu$0$closesqu$$$rt$opensqu$0$closesqu$$$v1$opensqu$0$closesqu$$$Argument$opensqu$0$closesqu$$_beg_$_end_$_end_,30
EntitySuccessMessage,m_core$$option$opensqu$0$closesqu$$$Option$opensqu$0$closesqu$$_beg_$ref$slice$m_core$$fmt$opensqu$0$closesqu$$$rt$opensqu$0$closesqu$$$v1$opensqu$0$closesqu$$$Argument$opensqu$0$closesqu$$_beg_$_end_$_end_Some,5
EntitySuccessMessage,m_core$$ptr$opensqu$0$closesqu$$$NonNull$opensqu$0$closesqu$$_beg_$m_alloc$$arc$opensqu$0$closesqu$$$ArcInner$opensqu$0$closesqu$$_beg_$m_std$$sync$opensqu$0$closesqu$$$mutex$opensqu$0$closesqu$$$Mutex$opensqu$0$closesqu$$_beg_$m_std$$io$opensqu$0$closesqu$$$buffered$opensqu$0$closesqu$$$BufReader$opensqu$0$closesqu$$_beg_$m_std$$io$opensqu$0$closesqu$$$stdio$opensqu$0$closesqu$$$Maybe$opensqu$0$closesqu$$_beg_$m_std$$io$opensqu$0$closesqu$$$stdio$opensqu$0$closesqu$$$StdinRaw$opensqu$0$closesqu$$_beg_$_end_$_end_$_end_$_end_$_end_$_end_,1
EntitySuccessMessage,m_core$$ptr$opensqu$0$closesqu$$$Unique$opensqu$0$closesqu$$_beg_$u8$_end_,1
EntitySuccessMessage,m_core$$result$opensqu$0$closesqu$$$Result$opensqu$0$closesqu$$_beg_$u32$_sep_$m_core$$num$opensqu$0$closesqu$$$ParseIntError$opensqu$0$closesqu$$_beg_$_end_$_end_,49
EntitySuccessMessage,m_core$$result$opensqu$0$closesqu$$$Result$opensqu$0$closesqu$$_beg_$u32$_sep_$m_core$$num$opensqu$0$closesqu$$$ParseIntError$opensqu$0$closesqu$$_beg_$_end_$_end_Err,6
EntitySuccessMessage,m_core$$result$opensqu$0$closesqu$$$Result$opensqu$0$closesqu$$_beg_$u32$_sep_$m_core$$num$opensqu$0$closesqu$$$ParseIntError$opensqu$0$closesqu$$_beg_$_end_$_end_Ok,8
EntitySuccessMessage,m_core$$result$opensqu$0$closesqu$$$Result$opensqu$0$closesqu$$_beg_$usize$_sep_$m_std$$io$opensqu$0$closesqu$$$error$opensqu$0$closesqu$$$Error$opensqu$0$closesqu$$_beg_$_end_$_end_,65
EntitySuccessMessage,m_core$$result$opensqu$0$closesqu$$$Result$opensqu$0$closesqu$$_beg_$usize$_sep_$m_std$$io$opensqu$0$closesqu$$$error$opensqu$0$closesqu$$$Error$opensqu$0$closesqu$$_beg_$_end_$_end_Err,6
EntitySuccessMessage,m_core$$result$opensqu$0$closesqu$$$Result$opensqu$0$closesqu$$_beg_$usize$_sep_$m_std$$io$opensqu$0$closesqu$$$error$opensqu$0$closesqu$$$Error$opensqu$0$closesqu$$_beg_$_end_$_end_Ok,11
EntitySuccessMessage,m_core$$sync$opensqu$0$closesqu$$$atomic$opensqu$0$closesqu$$$AtomicBool$opensqu$0$closesqu$$_beg_$_end_,5
EntitySuccessMessage,m_core$$sync$opensqu$0$closesqu$$$atomic$opensqu$0$closesqu$$$AtomicUsize$opensqu$0$closesqu$$_beg_$_end_,5
EntitySuccessMessage,m_libc$$unix$opensqu$0$closesqu$$$notbsd$opensqu$0$closesqu$$$linux$opensqu$0$closesqu$$$pthread_mutex_t$opensqu$0$closesqu$$_beg_$_end_,1
EntitySuccessMessage,m_std$$io$opensqu$0$closesqu$$$buffered$opensqu$0$closesqu$$$BufReader$opensqu$0$closesqu$$_beg_$m_std$$io$opensqu$0$closesqu$$$stdio$opensqu$0$closesqu$$$Maybe$opensqu$0$closesqu$$_beg_$m_std$$io$opensqu$0$closesqu$$$stdio$opensqu$0$closesqu$$$StdinRaw$opensqu$0$closesqu$$_beg_$_end_$_end_$_end_,1
EntitySuccessMessage,m_std$$io$opensqu$0$closesqu$$$error$opensqu$0$closesqu$$$Custom$opensqu$0$closesqu$$_beg_$_end_,1
EntitySuccessMessage,m_std$$io$opensqu$0$closesqu$$$error$opensqu$0$closesqu$$$Error$opensqu$0$closesqu$$_beg_$_end_,6
EntitySuccessMessage,m_std$$io$opensqu$0$closesqu$$$error$opensqu$0$closesqu$$$ErrorKind$opensqu$0$closesqu$$_beg_$_end_,17
EntitySuccessMessage,m_std$$io$opensqu$0$closesqu$$$error$opensqu$0$closesqu$$$Repr$opensqu$0$closesqu$$_beg_$_end_,95
EntitySuccessMessage,m_std$$io$opensqu$0$closesqu$$$error$opensqu$0$closesqu$$$Repr$opensqu$0$closesqu$$_beg_$_end_Custom,5
EntitySuccessMessage,m_std$$io$opensqu$0$closesqu$$$error$opensqu$0$closesqu$$$Repr$opensqu$0$closesqu$$_beg_$_end_Os,10
EntitySuccessMessage,m_std$$io$opensqu$0$closesqu$$$error$opensqu$0$closesqu$$$Repr$opensqu$0$closesqu$$_beg_$_end_Simple,4
EntitySuccessMessage,m_std$$io$opensqu$0$closesqu$$$stdio$opensqu$0$closesqu$$$Maybe$opensqu$0$closesqu$$_beg_$m_std$$io$opensqu$0$closesqu$$$stdio$opensqu$0$closesqu$$$StdinRaw$opensqu$0$closesqu$$_beg_$_end_$_end_,23
EntitySuccessMessage,m_std$$io$opensqu$0$closesqu$$$stdio$opensqu$0$closesqu$$$Maybe$opensqu$0$closesqu$$_beg_$m_std$$io$opensqu$0$closesqu$$$stdio$opensqu$0$closesqu$$$StdinRaw$opensqu$0$closesqu$$_beg_$_end_$_end_Real,10
EntitySuccessMessage,m_std$$io$opensqu$0$closesqu$$$stdio$opensqu$0$closesqu$$$Stdin$opensqu$0$closesqu$$_beg_$_end_,7
EntitySuccessMessage,m_std$$io$opensqu$0$closesqu$$$stdio$opensqu$0$closesqu$$$StdinRaw$opensqu$0$closesqu$$_beg_$_end_,5
EntitySuccessMessage,m_std$$sync$opensqu$0$closesqu$$$mutex$opensqu$0$closesqu$$$Mutex$opensqu$0$closesqu$$_beg_$m_std$$io$opensqu$0$closesqu$$$buffered$opensqu$0$closesqu$$$BufReader$opensqu$0$closesqu$$_beg_$m_std$$io$opensqu$0$closesqu$$$stdio$opensqu$0$closesqu$$$Maybe$opensqu$0$closesqu$$_beg_$m_std$$io$opensqu$0$closesqu$$$stdio$opensqu$0$closesqu$$$StdinRaw$opensqu$0$closesqu$$_beg_$_end_$_end_$_end_$_end_,12
EntitySuccessMessage,m_std$$sys$opensqu$0$closesqu$$$unix$opensqu$0$closesqu$$$mutex$opensqu$0$closesqu$$$Mutex$opensqu$0$closesqu$$_beg_$_end_,5
EntitySuccessMessage,m_std$$sys$opensqu$0$closesqu$$$unix$opensqu$0$closesqu$$$stdio$opensqu$0$closesqu$$$Stdin$opensqu$0$closesqu$$_beg_$_end_,5
EntitySuccessMessage,m_std$$sys_common$opensqu$0$closesqu$$$mutex$opensqu$0$closesqu$$$Mutex$opensqu$0$closesqu$$_beg_$_end_,10
EntitySuccessMessage,m_std$$sys_common$opensqu$0$closesqu$$$poison$opensqu$0$closesqu$$$Flag$opensqu$0$closesqu$$_beg_$_end_,5
EntitySuccessMessage,ref$array$m_core$$fmt$opensqu$0$closesqu$$$ArgumentV1$opensqu$0$closesqu$$_beg_$_end_$1,11
EntitySuccessMessage,ref$array$m_core$$fmt$opensqu$0$closesqu$$$rt$opensqu$0$closesqu$$$v1$opensqu$0$closesqu$$$Argument$opensqu$0$closesqu$$_beg_$_end_$1,5
EntitySuccessMessage,ref$array$ref$str$2,7
EntitySuccessMessage,ref$m_alloc$$string$opensqu$0$closesqu$$$String$opensqu$0$closesqu$$_beg_$_end_,5
EntitySuccessMessage,ref$m_core$$result$opensqu$0$closesqu$$$Result$opensqu$0$closesqu$$_beg_$u32$_sep_$m_core$$num$opensqu$0$closesqu$$$ParseIntError$opensqu$0$closesqu$$_beg_$_end_$_end_,5
EntitySuccessMessage,ref$m_std$$io$opensqu$0$closesqu$$$stdio$opensqu$0$closesqu$$$Stdin$opensqu$0$closesqu$$_beg_$_end_,5
EntitySuccessMessage,ref$ref$str,5
EntitySuccessMessage,ref$slice$m_core$$fmt$opensqu$0$closesqu$$$ArgumentV1$opensqu$0$closesqu$$_beg_$_end_,7
EntitySuccessMessage,ref$slice$m_core$$fmt$opensqu$0$closesqu$$$rt$opensqu$0$closesqu$$$v1$opensqu$0$closesqu$$$Argument$opensqu$0$closesqu$$_beg_$_end_,11
EntitySuccessMessage,ref$slice$ref$str,5
EntitySuccessMessage,ref$str,6
EntitySuccessMessage,ref$tuple1$ref$ref$str,5
EntitySuccessMessage,ref$tuple1$ref$u32,4
EntitySuccessMessage,ref$u32,5
EntitySuccessMessage,slice$m_core$$fmt$opensqu$0$closesqu$$$ArgumentV1$opensqu$0$closesqu$$_beg_$_end_,0
EntitySuccessMessage,slice$m_core$$fmt$opensqu$0$closesqu$$$rt$opensqu$0$closesqu$$$v1$opensqu$0$closesqu$$$Argument$opensqu$0$closesqu$$_beg_$_end_,0
EntitySuccessMessage,slice$ref$str,1
EntitySuccessMessage,str,1
EntitySuccessMessage,tuple0$,2
EntitySuccessMessage,tuple1$ref$ref$str,5
EntitySuccessMessage,tuple1$ref$u32,6
EntitySuccessMessage,u32,7
EntitySuccessMessage,u8,3
EntitySuccessMessage,usize,4
EntitySuccessMessage,builtin$havoc_bool,128
EntitySuccessMessage,builtin$havoc_ref,125
EntitySuccessMessage,builtin$havoc_int,127
